{"username": "admin", "password": "d674b2a950ee6182f334de2cdf9a4215", "balance": 94273.6, "flow": ["用户[admin]还款:[100000]成功,当前额度为104750.0", "用户admin给用户cai转账1200元成功！", "用户admin消费花了149元", "用户admin消费花了8961元", "用户admin，提现金额3成功，手续费为0.15000000000000036", "用户admin，提现金额10成功，手续费为0.5", "用户admin，提现金额3成功，手续费为0.15000000000000036", "用户admin，提现金额111成功，手续费为5.550000000000011", "用户admin，提现金额8成功，手续费为0.40000000000000036", "用户admin消费花了22元"], "shop_car": {"回锅肉": [22, 4], "山东水饺": [15, 4], "油泼面": [18, 2], "mac笔记本": [8888, 2]}, "locked": false}